{"cameraMode":{"drawMode":0,"name":"Shaded","section":"Shading Mode"},"sceneLighting":true,"audioPlay":false,"sceneViewState":{"showFog":true,"showMaterialUpdate":false,"showSkybox":true,"showFlares":true,"showImageEffects":true,"showParticleSystems":true},"in2DMode":false,"pivot":{"x":-0.08923405408859253,"y":0.3085847496986389,"z":-0.3603219985961914},"rotation":{"x":-0.08524946123361588,"y":0.6533489227294922,"z":-0.07440806180238724,"w":-0.7485527992248535},"size":7.309080123901367,"orthographic":false}